<?xml version="1.0" encoding="UTF-8"?>
<beans xmlns="http://www.springframework.org/schema/beans"
	xmlns:xsi="http://www.w3.org/2001/XMLSchema-instance" 
	xmlns:aop="http://www.springframework.org/schema/aop"
	xmlns:mvc="http://www.springframework.org/schema/mvc" 
	xmlns:context="http://www.springframework.org/schema/context"
	xmlns:tx="http://www.springframework.org/schema/tx"
	xsi:schemaLocation="http://www.springframework.org/schema/beans
        http://www.springframework.org/schema/beans/spring-beans.xsd
        http://www.springframework.org/schema/aop
        http://www.springframework.org/schema/aop/spring-aop.xsd
        http://www.springframework.org/schema/mvc
        http://www.springframework.org/schema/mvc/spring-mvc.xsd
        http://www.springframework.org/schema/context
        http://www.springframework.org/schema/context/spring-context.xsd
        http://www.springframework.org/schema/tx
		http://www.springframework.org/schema/tx/spring-tx.xsd">

	<!-- 自动扫描该包，使SpringMVC认为包下用了@controller注解的类是控制器 -->
	<context:component-scan base-package="com.kingsoft.studentms.controller" />
	<!-- 扩充了注解驱动，可以将请求参数绑定到控制器参数 
    <mvc:annotation-driven/>-->
    
    <!-- 配置拦截器 -->
    <mvc:interceptors>
    	<mvc:interceptor>
    		<!-- 先拦截所有的路径再进行排除 -->
    		<mvc:mapping path="/**"/>
    		<!-- 显示管理员登录界面不拦截 -->
    		<mvc:exclude-mapping path="/admin"/>
    		<!-- 管理员登录操作不拦截 -->
    		<mvc:exclude-mapping path="/admin/login"/>
    		<!-- testJson -->
    		<mvc:exclude-mapping path="/admin/testJson"/>
			<!-- 用户登录界面不拦截 -->
    		<mvc:exclude-mapping path="/users/login"/>
    		
    		
    		<bean id="loginInterceptor" class="com.kingsoft.studentms.interceptor.LoginInterceptor"></bean>
    	</mvc:interceptor>
    </mvc:interceptors>
    
	<!--避免IE执行AJAX时，返回JSON出现下载文件 -->
	<bean id="mappingJacksonHttpMessageConverter"
		class="org.springframework.http.converter.json.MappingJackson2HttpMessageConverter">
		<property name="supportedMediaTypes">
			<list>
				<value>text/html;charset=UTF-8</value>
			</list>
		</property>
	</bean>
	<!-- 启动SpringMVC的注解功能，完成请求和注解POJO的映射 JSON转换器-->
	<bean id="annotationMethodHandlerAdapter"
		class="org.springframework.web.servlet.mvc.annotation.AnnotationMethodHandlerAdapter">
		<property name="messageConverters">
			<list>
				<ref bean="mappingJacksonHttpMessageConverter" /> 
			</list>
		</property>
	</bean>
	<!-- 定义跳转的文件的前后缀 ，视图模式配置 -->
	<bean
		class="org.springframework.web.servlet.view.InternalResourceViewResolver">
		<!-- 这里的配置我的理解是自动给后面action的方法return的字符串加上前缀和后缀，变成一个 可用的url地址 -->
		<property name="prefix" value="/WEB-INF/view/" />
		<property name="suffix" value=".jsp" />
	</bean>
	<!-- 配置文件上传，如果没有使用文件上传可以不用配置，当然如果不配，那么配置文件中也不必引入上传组件包 -->
	<bean id="multipartResolver"
		class="org.springframework.web.multipart.commons.CommonsMultipartResolver">
		<!-- 默认编码 -->
		<property name="defaultEncoding" value="utf-8" />
		<!-- 文件大小最大值 -->
		<property name="maxUploadSize" value="10485760000" />
		<!-- 内存中的最大值 -->
		<property name="maxInMemorySize" value="40960" />
	</bean>
</beans>