<?xml version="1.0" encoding="UTF-8"?>
<beans xmlns="http://www.springframework.org/schema/beans"
	xmlns:xsi="http://www.w3.org/2001/XMLSchema-instance" xmlns:p="http://www.springframework.org/schema/p"
	xmlns:context="http://www.springframework.org/schema/context"
	xmlns:mvc="http://www.springframework.org/schema/mvc"
	xsi:schemaLocation="http://www.springframework.org/schema/beans      
                        http://www.springframework.org/schema/beans/spring-beans-3.1.xsd      
                        http://www.springframework.org/schema/context
        				http://www.springframework.org/schema/context/spring-context.xsd      
                        http://www.springframework.org/schema/mvc
                        http://www.springframework.org/schema/mvc/spring-mvc.xsd">


	<!-- 自动扫描项目下所有的包下的包 -->
	<context:component-scan base-package="com.kingsoft.studentms" />
	
	<!-- 引入配置文件 -->
	<context:property-placeholder
		ignore-unresolvable="true" location="classpath:jdbc.properties" />
	<!-- 配置基础数据源 -->
	<bean id="dataSource" class="org.apache.commons.dbcp.BasicDataSource">
		<property name="driverClassName" value="${jdbc.driver}" />
		<property name="url" value="${jdbc.url}" />
		<property name="username" value="${jdbc.username}" />
		<property name="password" value="${jdbc.password}" />
		<!-- 初始化连接大小 -->
		<property name="initialSize" value="${jdbc.initialSize}"></property>
		<!-- 连接池最大数量 -->
		<property name="maxActive" value="${jdbc.maxActive}"></property>
		<!-- 连接池最大空闲 -->
		<property name="maxIdle" value="${jdbc.maxIdle}"></property>
		<!-- 连接池最小空闲 -->
		<property name="minIdle" value="${jdbc.minIdle}"></property>
		<!-- 获取连接最大等待时间 -->
		<property name="maxWait" value="${jdbc.maxWait}"></property>
	</bean>
	<!-- spring和MyBatis完美整合，不需要mybatis的配置映射文件 -->
	<bean id="sqlSessionFactory" class="org.mybatis.spring.SqlSessionFactoryBean">
		<property name="dataSource" ref="dataSource" />
		<!-- 自动扫描mapping.xml文件 -->
		<property name="mapperLocations" value="classpath:com/kingsoft/studentms/mapping/*.xml" />
		<!-- 配置pagehepler拦截 -->
		<property name="plugins">
        <array>
            <bean class="com.github.pagehelper.PageInterceptor">
                <property name="properties">  
                <!--使用下面的方式配置参数，一行配置一个 -->  
                <value>
                    helperDialect=oracle
                    reasonable=true
                    supportMethodsArguments=true
                    params=count=countSql
                    autoRuntimeDialect=true
                </value>
                </property>
             </bean>
          </array>
    </property>
	</bean>
	<!-- DAO接口所在包名，Spring会自动查找其下的类 -->
	<bean class="org.mybatis.spring.mapper.MapperScannerConfigurer">
		<property name="basePackage" value="com.kingsoft.studentms.dao" />
		<property name="sqlSessionFactoryBeanName" value="sqlSessionFactory" />
	</bean>
	<!-- (事务管理)transaction manager, use JtaTransactionManager for global tx -->
	<bean id="transactionManager"
		class="org.springframework.jdbc.datasource.DataSourceTransactionManager">
		<property name="dataSource" ref="dataSource" />
	</bean>
</beans>