<?xml version="1.0" encoding="UTF-8"?>
<!DOCTYPE mapper
PUBLIC "-//mybatis.org//DTD Mapper 3.0//EN"
"http://mybatis.org/dtd/mybatis-3-mapper.dtd">
<mapper namespace="com.kingsoft.studentms.dao.ILoginInfoDao">
	
	<resultMap type="com.kingsoft.studentms.model.LoginInfo" id="loginInfo">
		<result column="LOGIN_ID" property="loginId" jdbcType="INTEGER" />
		<result column="LOGIN_USERNAME" property="loginUsername" jdbcType="INTEGER" />
		<result column="IP" property="ip" jdbcType="VARCHAR" />
		<result column="LOGIN_TIME" property="loginTime" jdbcType="DATE" />
		<result column="LOGOUT_TIME" property="logoutTime" jdbcType="DATE" />
		<result column="MAC" property="mac" jdbcType="VARCHAR" />
	</resultMap>
</mapper>